Models,Accuracy,Recall,Precision,F1 Score
Decision Tree,0.7150101419878296,0.7425837320574162,0.725912067352666,0.7341532639545885
Random Forest,0.7216024340770791,0.784688995215311,0.7167832167832168,0.7492005481955231
AdaBoost,0.7373225152129818,0.769377990430622,0.7437557816836263,0.7563499529633114
Logistic Regression,0.7479716024340771,0.7732057416267942,0.7565543071161048,0.7647893989588264
SVC,0.7256592292089249,0.6794258373205742,0.7751091703056768,0.7241203467618561
LDA,0.7479716024340771,0.7760765550239235,0.75512104283054,0.7654554034922134
KNN,0.7205882352941176,0.6976076555023923,0.7562240663900415,0.7257341961174714
